{
  "sales": {
    "total": 427378.51999998285,
    "profit": 122378.3399999808,
    "rows": 12442
  },
  "expiry": {
    "expired": 20,
    "expiring30": 6,
    "expiring90": 11
  },
  "reorder": {
    "count": 0
  },
  "velocity": {
    "items": 2984,
    "fast": 0,
    "normal": 3,
    "slow": 2981
  }
}